access,gateway,3.791666667,[0.035175879396984924,7,199,-0.9591836735,-94,98,0.0179028133,7,391
account,explanation,2,0.2412060302,48,199,-0.7558139535,-65,86,0.1371428571,48,350
account,invoice,3.75,0.1005025126,20,199,-0.8842105263,-84,95,0.0529100529,20,378
account,statement,3.681818182,0.1507537688,30,199,-0.8369565217,-77,92,0.0815217391,30,368
acoustic,remedy,1.227272727,0,0,199,-0.99,-99,100,0,0,398
acrylic,cloth,2.739130435,0.0954773869,19,199,-0.8947368421,-85,95,0.0501319261,19,379
action,adjustment,2,0.0552763819,11,199,-0.9381443299,-91,97,0.0284237726,11,387
action,entrance,1.583333333,0,0,199,-0.99,-99,100,0,0,398
activity,event,4.083333333,0.0201005025,4,199,-0.9696969697,-96,99,0.0101522843,4,394
activity,music,2.681818182,0,0,199,-0.99,-99,100,0,0,398
activity,skiing,3.45,0,0,199,-0.99,-99,100,0,0,398
addition,segment,2.5,0,0,199,-0.99,-99,100,0,0,398
adhesive,glue,4.608695652,0.4924623116,98,199,-0.5074626866,-34,67,0.3266666667,98,300
adult,dentist,2.47826087,0.0502512563,10,199,-0.9484536082,-92,97,0.0257731959,10,388
adult,doctor,2.782608696,0.0502512563,10,199,-0.9484536082,-92,97,0.0257731959,10,388
afternoon,substance,1,0,0,199,-0.99,-99,100,0,0,398
age,childhood,3.782608696,0.1457286432,29,199,-0.847826087,-78,92,0.0785907859,29,369
agency,army,2.916666667,0.0351758794,7,199,-0.9591836735,-94,98,0.0179028133,7,391
agency,office,3.857142857,0.1105527638,22,199,-0.8829787234,-83,94,0.0585106383,22,376
agency,police,3.19047619,0.1206030151,24,199,-0.8617021277,-81,94,0.064171123,24,374
agent,spy,4,0.1105527638,22,199,-0.8829787234,-83,94,0.0585106383,22,376
agreement,contract,4.476190476,0.4924623116,98,199,-0.5074626866,-34,67,0.3266666667,98,300
aim,purpose,4.363636364,0.7386934673,147,199,-0.2380952381,-10,42,0.5856573705,147,251
aircraft,balloon,2.869565217,0.2261306533,45,199,-0.7701149425,-67,87,0.1274787535,45,353
aircraft,yacht,2.434782609,0.4070351759,81,199,-0.5733333333,-43,75,0.2555205047,81,317
alarm,horn,3.458333333,0.0251256281,5,199,-0.9595959596,-95,99,0.0127226463,5,393
alarm,press,2,0,0,199,-0.99,-99,100,0,0,398
algorithm,search,1.863636364,0.0201005025,4,199,-0.9696969697,-96,99,0.0101522843,4,394
alien,stranger,3.428571429,0.2361809045,47,199,-0.7471264368,-65,87,0.1339031339,47,351
alloy,metal,3.954545455,0.5125628141,102,199,-0.4696969697,-31,66,0.3445945946,102,296
alphabet,script,3.5,0.3567839196,71,199,-0.641025641,-50,78,0.2171253823,71,327
aluminum,oxygen,1.608695652,0.3718592965,74,199,-0.6233766234,-48,77,0.2283950617,74,324
amount,distance,1.958333333,0.0100502513,2,199,-0.9898989899,-98,99,0.0050505051,2,396
amount,number,4.136363636,0.1909547739,38,199,-0.808988764,-72,89,0.1055555556,38,360
amount,season,1.434782609,0.0150753769,3,199,-0.9797979798,-97,99,0.0075949367,3,395
amusement,athletics,2.6,0.0301507538,6,199,-0.9693877551,-95,98,0.0153061224,6,392
amusement,play,4.041666667,0.0301507538,6,199,-0.9693877551,-95,98,0.0153061224,6,392
amusement,procedure,1.454545455,0,0,199,-0.99,-99,100,0,0,398
anatomy,creation,2.565217391,0.0150753769,3,199,-0.9797979798,-97,99,0.0075949367,3,395
animal,flora,2,0.0201005025,4,199,-0.9696969697,-96,99,0.0101522843,4,394
animal,worm,2.72,0.2663316583,53,199,-0.7176470588,-61,85,0.1536231884,53,345
ankle,joint,4.227272727,0.4824120603,96,199,-0.5147058824,-35,68,0.3178807947,96,302
anniversary,birthday,3.727272727,0.7236180905,144,199,-0.25,-11,44,0.5669291339,144,254
answer,plea,2.44,0.0954773869,19,199,-0.8947368421,-85,95,0.0501319261,19,379
apparel,dress,4.227272727,0.5326633166,106,199,-0.453125,-29,64,0.3630136986,106,292
appearance,shadow,2.52173913,0.0854271357,17,199,-0.8958333333,-86,96,0.0446194226,17,381
apple,bank,1.125,0,0,199,-0.99,-99,100,0,0,398
apple,orange,3.47826087,0.3266331658,65,199,-0.6543209877,-53,81,0.1951951952,65,333
apple,pod,2.043478261,0.3366834171,67,199,-0.65,-52,80,0.2024169184,67,331
appliance,dryer,3.333333333,0.2311557789,46,199,-0.7586206897,-66,87,0.1306818182,46,352
appliance,refrigerator,4.227272727,0.1959798995,39,199,-0.797752809,-71,89,0.1086350975,39,359
approach,swing,1.652173913,0.0050251256,1,199,-0.98,-98,100,0.0025188917,1,397
approval,encouragement,2.863636364,0.3618090452,72,199,-0.6282051282,-49,78,0.2208588957,72,326
approving,interaction,2,0.0050251256,1,199,-0.98,-98,100,0.0025188917,1,397
arc,rainbow,3.347826087,0.0502512563,10,199,-0.9484536082,-92,97,0.0257731959,10,388
architecture,engineering,3.25,0.2261306533,45,199,-0.7701149425,-67,87,0.1274787535,45,353
area,patio,2.545454545,0.0351758794,7,199,-0.9591836735,-94,98,0.0179028133,7,391
area,region,4.318181818,0.4070351759,81,199,-0.5733333333,-43,75,0.2555205047,81,317
argument,evidence,3.045454545,0.1608040201,32,199,-0.8351648352,-76,91,0.087431694,32,366
argument,indication,1.772727273,0.0753768844,15,199,-0.9166666667,-88,96,0.0391644909,15,383
arm,arrow,2.230769231,0.040201005,8,199,-0.9489795918,-93,98,0.0205128205,8,390
arm,missile,2.772727273,0,0,199,-0.99,-99,100,0,0,398
armor,mail,1.913043478,0.0100502513,2,199,-0.9898989899,-98,99,0.0050505051,2,396
army,legion,3.285714286,0.608040201,121,199,-0.3684210526,-21,57,0.4368231047,121,277
aroma,fragrance,4.681818182,0.5376884422,107,199,-0.4603174603,-29,63,0.3676975945,107,291
aroma,smell,4.19047619,0.7336683417,146,199,-0.2619047619,-11,42,0.5793650794,146,252
arrangement,blizzard,1.25,0.0100502513,2,199,-0.9898989899,-98,99,0.0050505051,2,396
arrangement,room,2.380952381,0,0,199,-0.99,-99,100,0,0,398
article,girl,1.208333333,0,0,199,-0.99,-99,100,0,0,398
artillery,gun,3.541666667,0.2864321608,57,199,-0.7108433735,-59,83,0.1671554252,57,341
aspen,maple,2.791666667,0.7939698492,158,199,-0.2058823529,-7,34,0.6583333333,158,240
ass,donkey,4.85,0.4824120603,96,199,-0.5147058824,-35,68,0.3178807947,96,302
assembly,crowd,3.363636364,0.0452261307,9,199,-0.9387755102,-92,98,0.0231362468,9,389
assets,capital,4.090909091,0.4572864322,91,199,-0.5211267606,-37,71,0.2964169381,91,307
assets,credit,3.47826087,0.3869346734,77,199,-0.6052631579,-46,76,0.2398753894,77,321
assets,income,4.038461538,0.472361809,94,199,-0.5217391304,-36,69,0.3092105263,94,304
association,organization,4.362318841,0.0150753769,3,199,-0.9797979798,-97,99,0.0075949367,3,395
athlete,participant,3.458333333,0.3567839196,71,199,-0.641025641,-50,78,0.2171253823,71,327
athletics,racing,3.826086957,0.4673366834,93,199,-0.5142857143,-36,70,0.3049180328,93,305
athletics,swimming,3.45,0.4824120603,96,199,-0.5147058824,-35,68,0.3178807947,96,302
attitude,notice,1.486486486,0.0050251256,1,199,-0.98,-98,100,0.0025188917,1,397
attitude,study,1.88,0.0050251256,1,199,-0.98,-98,100,0.0025188917,1,397
attorney,lawyer,4.681818182,0.6180904523,123,199,-0.3818181818,-21,55,0.4472727273,123,275
attraction,pressure,1.565217391,0.0954773869,19,199,-0.8947368421,-85,95,0.0501319261,19,379
attraction,quality,2.347826087,0.0502512563,10,199,-0.9484536082,-92,97,0.0257731959,10,388
attribute,condition,2.576923077,0.0351758794,7,199,-0.9591836735,-94,98,0.0179028133,7,391
average,time,2.380952381,0.0502512563,10,199,-0.9484536082,-92,97,0.0257731959,10,388
baby,computer,1.24,0,0,199,-0.99,-99,100,0,0,398
bail,bond,3.086956522,0.1206030151,24,199,-0.8617021277,-81,94,0.064171123,24,374
bait,instrument,2.090909091,0.0100502513,2,199,-0.9898989899,-98,99,0.0050505051,2,396
bait,pump,1.208333333,0.0150753769,3,199,-0.9797979798,-97,99,0.0075949367,3,395
bakery,work,2.541666667,0.0150753769,3,199,-0.9797979798,-97,99,0.0075949367,3,395
bakery,workplace,3,0.0653266332,13,199,-0.9175257732,-89,97,0.0337662338,13,385
balance,gauge,2.6,0,0,199,-0.99,-99,100,0,0,398
ball,egg,1.727272727,0.0050251256,1,199,-0.98,-98,100,0.0025188917,1,397
ball,nut,1.727272727,0.0603015075,12,199,-0.9278350515,-90,97,0.0310880829,12,386
ball,poker,2.165217391,0.3216080402,64,199,-0.6666666667,-54,81,0.1916167665,64,334
ball,sphere,4.142857143,0.0753768844,15,199,-0.9166666667,-88,96,0.0391644909,15,383
band,circle,2.954545455,0.0653266332,13,199,-0.9175257732,-89,97,0.0337662338,13,385
bar,needle,1.772727273,0.0653266332,13,199,-0.9175257732,-89,97,0.0337662338,13,385
bar,rod,4.047619048,0.1407035176,28,199,-0.8586956522,-79,92,0.0756756757,28,370
barrel,gallon,3.153846154,0.3567839196,71,199,-0.641025641,-50,78,0.2171253823,71,327
base,club,1.619047619,0,0,199,-0.99,-99,100,0,0,398
base,stock,2.476190476,0,0,199,-0.99,-99,100,0,0,398
baseball,softball,3.230769231,0.6683417085,133,199,-0.32,-16,50,0.5018867925,133,265
basin,vessel,4.076923077,0.1708542714,34,199,-0.8131868132,-74,91,0.0934065934,34,364
basketball,hockey,2.782608696,0.8542713568,170,199,-0.1153846154,-3,26,0.7456140351,170,228
basketball,squash,2.833333333,0.040201005,8,199,-0.9489795918,-93,98,0.0205128205,8,390
bathroom,chamber,2.681818182,0.3618090452,72,199,-0.6282051282,-49,78,0.2208588957,72,326
battle,fight,4.583333333,0.3417085427,68,199,-0.6582278481,-52,79,0.2060606061,68,330
bay,mere,1.583333333,0,0,39.8998746865,-0.875,-7,8,0,0,207
beach,chain,1.047619048,0.0150753769,3,199,-0.9797979798,-97,99,0.0075949367,3,395
beach,ridge,2.260869565,0.4271356784,85,199,-0.5616438356,-41,73,0.2715654952,85,313
beam,column,2.961538462,0.1457286432,29,199,-0.847826087,-78,92,0.0785907859,29,369
beat,meter,1.92,0.0251256281,5,199,-0.9595959596,-95,99,0.0127226463,5,393
beat,rhythm,4.363636364,0.4221105528,84,199,-0.5753424658,-42,73,0.2675159236,84,314
bed,layer,2.136363636,0.0100502513,2,199,-0.9898989899,-98,99,0.0050505051,2,396
bedroom,cell,2.136363636,0.0050251256,1,199,-0.98,-98,100,0.0025188917,1,397
bedroom,construction,2.208333333,0.0100502513,2,199,-0.9898989899,-98,99,0.0050505051,2,396
bee,insect,4.043478261,0.4924623116,98,199,-0.5074626866,-34,67,0.3266666667,98,300
beef,cattle,4.173913043,0.175879397,35,199,-0.8222222222,-74,90,0.0964187328,35,363
beef,meat,4.619047619,0.824120603,164,199,-0.1666666667,-5,30,0.7008547009,164,234
beginner,novice,4.166666667,0.4472361809,89,199,-0.5492957746,-39,71,0.28802589,89,309
behavior,purpose,2.304347826,0.0150753769,3,199,-0.9797979798,-97,99,0.0075949367,3,395
belief,magic,2.565217391,0.0603015075,12,199,-0.9278350515,-90,97,0.0310880829,12,386
belief,purpose,2.333333333,0.0301507538,6,199,-0.9693877551,-95,98,0.0153061224,6,392
bench,seat,4.428571429,0.567839196,113,199,-0.4098360656,-25,61,0.3964912281,113,285
bend,curve,4.541666667,0.0703517588,14,199,-0.9270833333,-89,96,0.0364583333,14,384
berry,citrus,3,0.5125628141,102,199,-0.4696969697,-31,66,0.3445945946,102,296
bill,invoice,4.588235294,0.2211055276,44,199,-0.7613636364,-67,88,0.1242937853,44,354
billboard,structure,3,0.0100502513,2,199,-0.9898989899,-98,99,0.0050505051,2,396
bin,box,3.956521739,0.0703517588,14,199,-0.9270833333,-89,96,0.0364583333,14,384
bin,cup,2.217391304,0.040201005,8,199,-0.9489795918,-93,98,0.0205128205,8,390
binary,star,1.863636364,0.0100502513,2,199,-0.9898989899,-98,99,0.0050505051,2,396
bird,creature,3.458333333,0.2261306533,45,199,-0.7701149425,-67,87,0.1274787535,45,353
bird,solid,1.090909091,0,0,199,-0.99,-99,100,0,0,398
birth,modification,1.434782609,0.0351758794,7,199,-0.9591836735,-94,98,0.0179028133,7,391
bishop,priest,4.269230769,0.351758794,70,199,-0.6329113924,-50,79,0.2134146341,70,328
bit,tool,2.708333333,0.0050251256,1,199,-0.98,-98,100,0.0025188917,1,397
bite,breakfast,2.869565217,0.135678392,27,199,-0.8494623656,-79,93,0.0727762803,27,371
bite,taste,3.636363636,0.0854271357,17,199,-0.8958333333,-86,96,0.0446194226,17,381
black,juvenile,1.238095238,0,0,199,-0.99,-99,100,0,0,398
blade,projector,1.434782609,0.0201005025,4,199,-0.9696969697,-96,99,0.0101522843,4,394
blanket,sleeve,2.111111111,0.4020100503,80,199,-0.5866666667,-44,75,0.251572327,80,318
blizzard,rash,1.307692308,0.0150753769,3,199,-0.9797979798,-97,99,0.0075949367,3,395
blow,contact,1.695652174,0.0100502513,2,199,-0.9898989899,-98,99,0.0050505051,2,396
blue,red,3.272727273,0.7537688442,150,199,-0.225,-9,40,0.6048387097,150,248
board,commission,3.173913043,0.1809045226,36,199,-0.8111111111,-73,90,0.0994475138,36,362
boat,ferry,4.083333333,0.5728643216,114,199,-0.4166666667,-25,60,0.4014084507,114,284
boat,vessel,3.208333333,0.5125628141,102,199,-0.4696969697,-31,66,0.3445945946,102,296
body,trunk,3.260869565,0.2763819095,55,199,-0.7142857143,-60,84,0.1603498542,55,343
bond,security,3.904761905,0.1507537688,30,199,-0.8369565217,-77,92,0.0815217391,30,368
bone,skull,4.272727273,0.4120603015,82,199,-0.5810810811,-43,74,0.2594936709,82,316
book,encyclopedia,3.904761905,0.4824120603,96,199,-0.5147058824,-35,68,0.3178807947,96,302
booklet,reference,3.380952381,0,0,199,-0.99,-99,100,0,0,398
boot,kick,3.173913043,0.1105527638,22,199,-0.8829787234,-83,94,0.0585106383,22,376
boot,punch,1.75,0.040201005,8,199,-0.9489795918,-93,98,0.0205128205,8,390
bottom,sole,3.347826087,0.0804020101,16,199,-0.90625,-87,96,0.0418848168,16,382
boy,male,4.52173913,0.1306532663,26,199,-0.8602150538,-80,93,0.0698924731,26,372
boy,rover,2,0.0653266332,13,199,-0.9175257732,-89,97,0.0337662338,13,385
brace,stand,2.913043478,0.0100502513,2,199,-0.9898989899,-98,99,0.0050505051,2,396
brain,head,4.173913043,0.1005025126,20,199,-0.8842105263,-84,95,0.0529100529,20,378
brake,click,1.761904762,0.0251256281,5,199,-0.9595959596,-95,99,0.0127226463,5,393
branch,department,4.043478261,0.0301507538,6,199,-0.9693877551,-95,98,0.0153061224,6,392
brand,knife,1.681818182,0.0050251256,1,199,-0.98,-98,100,0.0025188917,1,397
brand,surname,2.318181818,0.0201005025,4,199,-0.9696969697,-96,99,0.0101522843,4,394
brandy,liquor,4.541666667,0.608040201,121,199,-0.3684210526,-21,57,0.4368231047,121,277
brass,executive,1.913043478,0,0,199,-0.99,-99,100,0,0,398
bread,bun,4.304347826,0.5427135678,108,199,-0.4444444444,-28,63,0.3724137931,108,290
break,dash,2.916666667,0,0,199,-0.99,-99,100,0,0,398
break,insert,2.041666667,0,0,199,-0.99,-99,100,0,0,398
brick,cement,3.625,0.4673366834,93,199,-0.5142857143,-36,70,0.3049180328,93,305
brick,strip,1.541666667,0.0703517588,14,199,-0.9270833333,-89,96,0.0364583333,14,384
broadcast,packet,1.727272727,0.135678392,27,199,-0.8494623656,-79,93,0.0727762803,27,371
brochure,publication,3.875,0.2060301508,41,199,-0.7752808989,-69,89,0.1148459384,41,357
brochure,reference,2.95,0.0050251256,1,199,-0.98,-98,100,0.0025188917,1,397
brother,member,2.583333333,0.0351758794,7,199,-0.9591836735,-94,98,0.0179028133,7,391
brush,implement,2.47826087,0,0,199,-0.99,-99,100,0,0,398
budget,fund,4,0.4572864322,91,199,-0.5211267606,-37,71,0.2964169381,91,307
buffer,cache,2.409090909,0.0703517588,14,199,-0.9270833333,-89,96,0.0364583333,14,384
bug,child,1.276595745,0.0351758794,7,199,-0.9591836735,-94,98,0.0179028133,7,391
build,flesh,1.833333333,0.0904522613,18,199,-0.9052631579,-86,95,0.0473684211,18,380
building,cafe,3.142857143,0.3618090452,72,199,-0.6282051282,-49,78,0.2208588957,72,326
bulb,onion,2.92,0,0,199,-0.99,-99,100,0,0,398
bulletin,news,4.666666667,0.0452261307,9,199,-0.9387755102,-92,98,0.0231362468,9,389
bunny,server,1.25,0,0,199,-0.99,-99,100,0,0,398
burn,hurt,3.730769231,0.0502512563,10,199,-0.9484536082,-92,97,0.0257731959,10,388
burning,flame,4.48,0.1457286432,29,199,-0.847826087,-78,92,0.0785907859,29,369
burning,punishment,2.52,0.0351758794,7,199,-0.9591836735,-94,98,0.0179028133,7,391
burst,transformation,1.952380952,0,0,199,-0.99,-99,100,0,0,398
business,disposition,1.583333333,0.0050251256,1,199,-0.98,-98,100,0.0025188917,1,397
business,railway,2.541666667,0.1206030151,24,199,-0.8617021277,-81,94,0.064171123,24,374
butter,stick,2.375,0.0050251256,1,199,-0.98,-98,100,0.0025188917,1,397
butterfly,comma,1.130434783,0,0,199,-0.99,-99,100,0,0,398
cab,taxi,4.476190476,0.7035175879,140,199,-0.2826086957,-13,46,0.5426356589,140,258
cake,pie,3.545454545,0.7788944724,155,199,-0.1891891892,-7,37,0.6378600823,155,243
calendar,circulation,1.695652174,0,0,199,-0.99,-99,100,0,0,398
calendar,system,1.916666667,0.040201005,8,199,-0.9489795918,-93,98,0.0205128205,8,390
call,meeting,2.727272727,0.0100502513,2,199,-0.9898989899,-98,99,0.0050505051,2,396
call,statement,2.125,0.1055276382,21,199,-0.8936170213,-84,94,0.0557029178,21,377
campaign,operation,2.826086957,0.0201005025,4,199,-0.9696969697,-96,99,0.0101522843,4,394
candy,sweet,4.510638298,0.2010050251,40,199,-0.7865168539,-70,89,0.1117318436,40,358
cap,covering,3.681818182,0.1407035176,28,199,-0.8586956522,-79,92,0.0756756757,28,370
capital,seat,2.32,0.0100502513,2,199,-0.9898989899,-98,99,0.0050505051,2,396
captain,officer,4,0.5376884422,107,199,-0.4603174603,-29,63,0.3676975945,107,291
card,plastic,2.391304348,0.0351758794,7,199,-0.9591836735,-94,98,0.0179028133,7,391
carriage,coach,3.708333333,0.5025125628,100,199,-0.4776119403,-32,67,0.3355704698,100,298
cart,wagon,4.375,0.7738693467,154,199,-0.2162162162,-8,37,0.631147541,154,244
cartoon,wit,2.666666667,0.0351758794,7,199,-0.9591836735,-94,98,0.0179028133,7,391
case,grip,2.12,0.0150753769,3,199,-0.9797979798,-97,99,0.0075949367,3,395
case,luggage,3.68,0,0,199,-0.99,-99,100,0,0,398
case,tin,2.6,0,0,199,-0.99,-99,100,0,0,398
cast,fishing,2.6,0.0050251256,1,199,-0.98,-98,100,0.0025188917,1,397
cat,vision,1.431818182,0,0,199,-0.99,-99,100,0,0,398
category,flavor,2.428571429,0.0150753769,3,199,-0.9797979798,-97,99,0.0075949367,3,395
cave,formation,2.347826087,0,0,199,-0.99,-99,100,0,0,398
ceiling,overhead,3.52,0.0753768844,15,199,-0.9166666667,-88,96,0.0391644909,15,383
cement,glue,3,0.3567839196,71,199,-0.641025641,-50,78,0.2171253823,71,327
center,loss,1.304347826,0,0,199,-0.99,-99,100,0,0,398
century,decade,3.434782609,0.4824120603,96,199,-0.5147058824,-35,68,0.3178807947,96,302
century,period,3.769230769,0.4371859296,87,199,-0.5555555556,-40,72,0.2797427653,87,311
century,temperature,1.130434783,0.0050251256,1,199,-0.98,-98,100,0.0025188917,1,397
certificate,study,3.136363636,0.0301507538,6,199,-0.9693877551,-95,98,0.0153061224,6,392
certificate,wave,1.145833333,0,0,199,-0.99,-99,100,0,0,398
chair,furniture,3.869565217,0.1306532663,26,199,-0.8602150538,-80,93,0.0698924731,26,372
chair,rocker,2.826086957,0.4422110553,88,199,-0.5416666667,-39,72,0.2838709677,88,310
chance,opportunity,4.590909091,0.8140703518,162,199,-0.15625,-5,32,0.686440678,162,236
chance,probability,4.619047619,0.5226130653,104,199,-0.4615384615,-30,65,0.3537414966,104,294
chandler,retailer,2.130434783,0.2864321608,57,199,-0.7108433735,-59,83,0.1671554252,57,341
change,decrease,3,0.5778894472,115,199,-0.4,-24,60,0.406360424,115,283
change,move,3.434782609,0.0301507538,6,199,-0.9693877551,-95,98,0.0153061224,6,392
channel,sound,3.2,0,0,199,-0.99,-99,100,0,0,398
character,vision,1.666666667,0.1457286432,29,199,-0.847826087,-78,92,0.0785907859,29,369
charge,damage,2.375,0.0050251256,1,199,-0.98,-98,100,0.0025188917,1,397
charge,tax,4.086956522,0.1055276382,21,199,-0.8936170213,-84,94,0.0557029178,21,377
check,draft,3.952380952,0.1407035176,28,199,-0.8586956522,-79,92,0.0756756757,28,370
cheese,food,4,0.3366834171,67,199,-0.65,-52,80,0.2024169184,67,331
chemical,salt,3.590909091,0.0050251256,1,199,-0.98,-98,100,0.0025188917,1,397
chess,duty,1.166666667,0,0,199,-0.99,-99,100,0,0,398
chick,hen,3.863636364,0.3869346734,77,199,-0.6052631579,-46,76,0.2398753894,77,321
chicken,poultry,4.217391304,0.3969849246,79,199,-0.6,-45,75,0.2476489028,79,319
chief,guru,3.904761905,0.1809045226,36,199,-0.8111111111,-73,90,0.0994475138,36,362
child,kid,4.857142857,0.3216080402,64,199,-0.6666666667,-54,81,0.1916167665,64,334
chin,feature,2.875,0,0,199,-0.99,-99,100,0,0,398
choice,option,4.590909091,0.0351758794,7,199,-0.9591836735,-94,98,0.0179028133,7,391
chuck,jaw,2.090909091,0.0251256281,5,199,-0.9595959596,-95,99,0.0127226463,5,393
church,temple,4.347826087,0.3869346734,77,199,-0.6052631579,-46,76,0.2398753894,77,321
circle,oval,3.347826087,0.0804020101,16,199,-0.90625,-87,96,0.0418848168,16,382
citrus,orange,4.208333333,0.3216080402,64,199,-0.6666666667,-54,81,0.1916167665,64,334
climb,mount,4.166666667,0.040201005,8,199,-0.9489795918,-93,98,0.0205128205,8,390
clock,timer,4.416666667,0.3718592965,74,199,-0.6233766234,-48,77,0.2283950617,74,324
cloth,satin,3.857142857,0.527638191,105,199,-0.46875,-30,64,0.3583617747,105,293
cloud,energy,1.727272727,0.0100502513,2,199,-0.9898989899,-98,99,0.0050505051,2,396
club,society,3.869565217,0.0201005025,4,199,-0.9696969697,-96,99,0.0101522843,4,394
coach,trainer,4.6,0.3366834171,67,199,-0.65,-52,80,0.2024169184,67,331
coat,newspaper,1.088888889,0.0150753769,3,199,-0.9797979798,-97,99,0.0075949367,3,395
coat,roof,2.304347826,0.0150753769,3,199,-0.9797979798,-97,99,0.0075949367,3,395
code,software,3.52,0.3567839196,71,199,-0.641025641,-50,78,0.2171253823,71,327
coffee,meeting,2.602941176,0.0100502513,2,199,-0.9898989899,-98,99,0.0050505051,2,396
coin,currency,4.571428571,0.3417085427,68,199,-0.6582278481,-52,79,0.2060606061,68,330
collapse,shock,3.043478261,0.2613065327,52,199,-0.7294117647,-62,85,0.1502890173,52,346
collection,packet,2.772727273,0.1055276382,21,199,-0.8936170213,-84,94,0.0557029178,21,377
collision,smash,3.904761905,0.0452261307,9,199,-0.9387755102,-92,98,0.0231362468,9,389
color,purple,4.090909091,0.4824120603,96,199,-0.5147058824,-35,68,0.3178807947,96,302
color,quality,2.407407407,0.1155778894,23,199,-0.8723404255,-82,94,0.0613333333,23,375
coloring,yellow,3.791666667,0.3266331658,65,199,-0.6543209877,-53,81,0.1951951952,65,333
comfort,relief,3.857142857,0.2060301508,41,199,-0.7752808989,-69,89,0.1148459384,41,357
commander,editor,2.041666667,0.3115577889,62,199,-0.6707317073,-55,82,0.1845238095,62,336
commerce,transport,2.739130435,0.1005025126,20,199,-0.8842105263,-84,95,0.0529100529,20,378
commitment,guarantee,3.791666667,0.0301507538,6,199,-0.9693877551,-95,98,0.0153061224,6,392
communication,message,4.083333333,0.0452261307,9,199,-0.9387755102,-92,98,0.0231362468,9,389
communication,statement,3.391304348,0.0100502513,2,199,-0.9898989899,-98,99,0.0050505051,2,396
communication,tune,2.409090909,0.0050251256,1,199,-0.98,-98,100,0.0025188917,1,397
community,province,3.391304348,0.1407035176,28,199,-0.8586956522,-79,92,0.0756756757,28,370
community,territory,2.739130435,0.1859296482,37,199,-0.8,-72,90,0.1024930748,37,361
company,distributor,3.523809524,0.3216080402,64,199,-0.6666666667,-54,81,0.1916167665,64,334
company,establishment,3.833333333,0.0452261307,9,199,-0.9387755102,-92,98,0.0231362468,9,389
comparison,scrutiny,2.727272727,0.0301507538,6,199,-0.9693877551,-95,98,0.0153061224,6,392
compound,salt,3.045454545,0.1658291457,33,199,-0.8241758242,-75,91,0.0904109589,33,365
conclusion,result,4.523809524,0.0904522613,18,199,-0.9052631579,-86,95,0.0473684211,18,380
condition,status,4.090909091,0.0753768844,15,199,-0.9166666667,-88,96,0.0391644909,15,383
conditions,weather,3.666666667,0.0100502513,2,199,-0.9898989899,-98,99,0.0050505051,2,396
congress,sex,1.818181818,0,0,199,-0.99,-99,100,0,0,398
connection,keyboard,2.4,0,0,199,-0.99,-99,100,0,0,398
conservation,traveling,1.717391304,0.0201005025,4,199,-0.9696969697,-96,99,0.0101522843,4,394
construction,window,2.761904762,0.0150753769,3,199,-0.9797979798,-97,99,0.0075949367,3,395
continent,ground,2.791666667,0.2060301508,41,199,-0.7752808989,-69,89,0.1148459384,41,357
control,driving,3.714285714,0,0,199,-0.99,-99,100,0,0,398
cook,printer,1.347826087,0.1055276382,21,199,-0.8936170213,-84,94,0.0557029178,21,377
cooking,cuisine,4.25,0.3266331658,65,199,-0.6543209877,-53,81,0.1951951952,65,333
copy,image,3.25,0.0603015075,12,199,-0.9278350515,-90,97,0.0310880829,12,386
copy,work,3.125,0.040201005,8,199,-0.9489795918,-93,98,0.0205128205,8,390
cord,pick,1.590909091,0.0100502513,2,199,-0.9898989899,-98,99,0.0050505051,2,396
cord,yarn,2.761904762,0.1708542714,34,199,-0.8131868132,-74,91,0.0934065934,34,364
corridor,hall,4.041666667,0.6582914573,131,199,-0.3333333333,-17,51,0.4906367041,131,267
corruption,house,1.255319149,0,0,199,-0.99,-99,100,0,0,398
cost,postage,3.086956522,0.1658291457,33,199,-0.8241758242,-75,91,0.0904109589,33,365
cost,reward,2.80952381,0.1005025126,20,199,-0.8842105263,-84,95,0.0529100529,20,378
couch,lounge,3.347826087,0.2964824121,59,199,-0.686746988,-57,83,0.1740412979,59,339
count,number,4.166666667,0.0502512563,10,199,-0.9484536082,-92,97,0.0257731959,10,388
counter,furniture,2.3,0.0904522613,18,199,-0.9052631579,-86,95,0.0473684211,18,380
country,playground,1.791666667,0.0502512563,10,199,-0.9484536082,-92,97,0.0257731959,10,388
course,starter,2.666666667,0,0,199,-0.99,-99,100,0,0,398
court,drawer,1.272727273,0.0100502513,2,199,-0.9898989899,-98,99,0.0050505051,2,396
court,tribunal,3.791666667,0.6231155779,124,199,-0.3636363636,-20,55,0.4525547445,124,274
cousin,relation,4.043478261,0.0050251256,1,199,-0.98,-98,100,0.0025188917,1,397
cousin,relative,4.5,0.0251256281,5,199,-0.9595959596,-95,99,0.0127226463,5,393
cover,feather,2.44,0.0301507538,6,199,-0.9693877551,-95,98,0.0153061224,6,392
cover,hair,2.65,0.0603015075,12,199,-0.9278350515,-90,97,0.0310880829,12,386
cover,sleeve,3.260869565,0.1557788945,31,199,-0.8260869565,-76,92,0.0844686649,31,367
covering,skin,3.35,0.1005025126,20,199,-0.8842105263,-84,95,0.0529100529,20,378
crack,hole,3.04,0.3316582915,66,199,-0.6625,-53,80,0.1987951807,66,332
craft,trade,3.458333333,0.0351758794,7,199,-0.9591836735,-94,98,0.0179028133,7,391
creation,stitch,2.68,0,0,199,-0.99,-99,100,0,0,398
creativity,vision,3.181818182,0.1155778894,23,199,-0.8723404255,-82,94,0.0613333333,23,375
credit,sum,3,0.2814070352,56,199,-0.7023809524,-59,84,0.1637426901,56,342
creek,stream,3.88,0.6432160804,128,199,-0.3396226415,-18,53,0.4740740741,128,270
crew,society,2,0.0251256281,5,199,-0.9595959596,-95,99,0.0127226463,5,393
crew,unit,3.590909091,0.0603015075,12,199,-0.9278350515,-90,97,0.0310880829,12,386
crop,plant,4.083333333,0.3165829146,63,199,-0.6790123457,-55,81,0.1880597015,63,335
crow,jay,2.217391304,0.743718593,148,199,-0.243902439,-10,41,0.592,148,250
crown,place,1.541666667,0.0100502513,2,199,-0.9898989899,-98,99,0.0050505051,2,396
crush,push,2.181818182,0.0351758794,7,199,-0.9591836735,-94,98,0.0179028133,7,391
cube,dice,3.925925926,0.040201005,8,199,-0.9489795918,-93,98,0.0205128205,8,390
cup,handbag,1.318181818,0.0251256281,5,199,-0.9595959596,-95,99,0.0127226463,5,393
cup,son,1.086956522,0,0,199,-0.99,-99,100,0,0,398
current,flow,3.761904762,0.1658291457,33,199,-0.8241758242,-75,91,0.0904109589,33,365
curve,rainbow,3.44,0,0,199,-0.99,-99,100,0,0,398
customers,mission,1.641304348,0,0,199,-0.99,-99,100,0,0,398
cut,meat,2.904761905,0.1557788945,31,199,-0.8260869565,-76,92,0.0844686649,31,367
cutter,knife,4.458333333,0.2060301508,41,199,-0.7752808989,-69,89,0.1148459384,41,357
cylinder,pen,2.227272727,0.0301507538,6,199,-0.9693877551,-95,98,0.0153061224,6,392
dad,parent,4.545454545,0.1708542714,34,199,-0.8131868132,-74,91,0.0934065934,34,364
daisy,flower,4.5,0.5829145729,116,199,-0.406779661,-24,59,0.4113475177,116,282
damage,terms,1.761904762,0,0,199,-0.99,-99,100,0,0,398
danger,status,1.904761905,0.0050251256,1,199,-0.98,-98,100,0.0025188917,1,397
dash,sprint,3.375,0.0452261307,9,199,-0.9387755102,-92,98,0.0231362468,9,389
dashboard,protection,2.173913043,0.0100502513,2,199,-0.9898989899,-98,99,0.0050505051,2,396
database,list,4.08,0.1959798995,39,199,-0.797752809,-71,89,0.1086350975,39,359
daughter,girl,4.04,0.2261306533,45,199,-0.7701149425,-67,87,0.1274787535,45,353
day,shoes,1.288888889,0.0100502513,2,199,-0.9898989899,-98,99,0.0050505051,2,396
deal,hand,3.041666667,0,0,199,-0.99,-99,100,0,0,398
debt,deficit,3.458333333,0.2512562814,50,199,-0.7325581395,-63,86,0.1436781609,50,348
debt,loan,4.347826087,0.6381909548,127,199,-0.358490566,-19,53,0.4686346863,127,271
debt,possession,2.481481481,0.040201005,8,199,-0.9489795918,-93,98,0.0205128205,8,390
decision,option,2.909090909,0.1155778894,23,199,-0.8723404255,-82,94,0.0613333333,23,375
decrease,increase,3.541666667,0.8040201005,160,199,-0.1818181818,-6,33,0.6722689076,160,238
deep,ocean,3.636363636,0.040201005,8,199,-0.9489795918,-93,98,0.0205128205,8,390
deficit,trust,1.576923077,0.0050251256,1,199,-0.98,-98,100,0.0025188917,1,397
degree,quantity,2.681818182,0.0301507538,6,199,-0.9693877551,-95,98,0.0153061224,6,392
degree,style,1.652173913,0.0251256281,5,199,-0.9595959596,-95,99,0.0127226463,5,393
delivery,distribution,3.590909091,0.1306532663,26,199,-0.8602150538,-80,93,0.0698924731,26,372
department,division,4.625,0.0954773869,19,199,-0.8947368421,-85,95,0.0501319261,19,379
descent,fall,3.304347826,0.0301507538,6,199,-0.9693877551,-95,98,0.0153061224,6,392
desert,tract,2.2,0,0,199,-0.99,-99,100,0,0,398
desire,feeling,4.227272727,0.1457286432,29,199,-0.847826087,-78,92,0.0785907859,29,369
desk,table,4.172413793,0.3366834171,67,199,-0.65,-52,80,0.2024169184,67,331
determination,discovery,2.608695652,0.1909547739,38,199,-0.808988764,-72,89,0.1055555556,38,360
determination,selection,2.75,0.1105527638,22,199,-0.8829787234,-83,94,0.0585106383,22,376
development,exploitation,2.2,0.040201005,8,199,-0.9489795918,-93,98,0.0205128205,8,390
device,drum,2.583333333,0.0753768844,15,199,-0.9166666667,-88,96,0.0391644909,15,383
devil,satan,4.782608696,0.4472361809,89,199,-0.5492957746,-39,71,0.28802589,89,309
dialogue,play,3.44,0.0201005025,4,199,-0.9696969697,-96,99,0.0101522843,4,394
diamond,parcel,1.217391304,0,0,199,-0.99,-99,100,0,0,398
digit,toe,2.64,0.040201005,8,199,-0.9489795918,-93,98,0.0205128205,8,390
digit,unit,3.681818182,0,0,199,-0.99,-99,100,0,0,398
dinner,party,3.826086957,0.1708542714,34,199,-0.8131868132,-74,91,0.0934065934,34,364
direction,government,2.173913043,0.0050251256,1,199,-0.98,-98,100,0.0025188917,1,397
direction,protocol,3.142857143,0,0,199,-0.99,-99,100,0,0,398
direction,traveling,3.136363636,0,0,199,-0.99,-99,100,0,0,398
dirt,sand,3.391304348,0.4572864322,91,199,-0.5211267606,-37,71,0.2964169381,91,307
dirt,soil,4,0.2663316583,53,199,-0.7176470588,-61,85,0.1536231884,53,345
discharge,spark,2.782608696,0.0502512563,10,199,-0.9484536082,-92,97,0.0257731959,10,388
disease,illness,4.739130435,0.472361809,94,199,-0.5217391304,-36,69,0.3092105263,94,304
display,language,1.916666667,0.0100502513,2,199,-0.9898989899,-98,99,0.0050505051,2,396
distance,distribution,1.739130435,0.0251256281,5,199,-0.9595959596,-95,99,0.0127226463,5,393
diversion,skiing,1.826086957,0.0150753769,3,199,-0.9797979798,-97,99,0.0075949367,3,395
dividend,net,2.52,0,0,199,-0.99,-99,100,0,0,398
dividend,profit,4.045454545,0.5979899497,119,199,-0.3793103448,-22,58,0.4265232975,119,279
diving,swim,3.96,0.216080402,43,199,-0.7727272727,-68,88,0.1211267606,43,355
dock,herb,1.238095238,0,0,199,-0.99,-99,100,0,0,398
document,report,3.826086957,0.3015075377,60,199,-0.6951219512,-57,82,0.1775147929,60,338
dog,fauna,2.666666667,0.0201005025,4,199,-0.9696969697,-96,99,0.0101522843,4,394
domain,land,2.523809524,0.0351758794,7,199,-0.9591836735,-94,98,0.0179028133,7,391
door,light,1.577777778,0.0100502513,2,199,-0.9898989899,-98,99,0.0050505051,2,396
doubt,ego,1.772727273,0,0,199,-0.99,-99,100,0,0,398
drama,genre,2.714285714,0.3969849246,79,199,-0.6,-45,75,0.2476489028,79,319
draw,finish,2.375,0.0150753769,3,199,-0.9797979798,-97,99,0.0075949367,3,395
draw,tie,2.958333333,0.0050251256,1,199,-0.98,-98,100,0.0025188917,1,397
drawer,pan,1.818181818,0.135678392,27,199,-0.8494623656,-79,93,0.0727762803,27,371
dressing,patch,2.523809524,0.0552763819,11,199,-0.9381443299,-91,97,0.0284237726,11,387
dressing,sauce,2.869565217,0.6683417085,133,199,-0.32,-16,50,0.5018867925,133,265
drill,implement,2.666666667,0.0050251256,1,199,-0.98,-98,100,0.0025188917,1,397
drink,slice,2.772727273,0.2311557789,46,199,-0.7586206897,-66,87,0.1306818182,46,352
driver,supporter,2.090909091,0.0653266332,13,199,-0.9175257732,-89,97,0.0337662338,13,385
driver,worker,3.1,0.216080402,43,199,-0.7727272727,-68,88,0.1211267606,43,355
drop,serving,2.136363636,0.1557788945,31,199,-0.8260869565,-76,92,0.0844686649,31,367
drug,liquor,3.523809524,0.0854271357,17,199,-0.8958333333,-86,96,0.0446194226,17,381
drug,operator,1.416666667,0,0,199,-0.99,-99,100,0,0,398
drum,piano,3.652173913,0.3467336683,69,199,-0.6455696203,-51,79,0.2097264438,69,329
eagle,hawk,3.833333333,0.8140703518,162,199,-0.15625,-5,32,0.686440678,162,236
ear,organ,3.909090909,0.2462311558,49,199,-0.7441860465,-64,86,0.1404011461,49,349
ease,relaxation,4.5,0.0452261307,9,199,-0.9387755102,-92,98,0.0231362468,9,389
ease,rest,3.916666667,0.0502512563,10,199,-0.9484536082,-92,97,0.0257731959,10,388
editing,instrument,1.64,0,0,199,-0.99,-99,100,0,0,398
editor,worker,3.125,0.432160804,86,199,-0.5479452055,-40,73,0.2756410256,86,312
eight,movement,1.318181818,0,0,199,-0.99,-99,100,0,0,398
element,iron,3.318181818,0.1457286432,29,199,-0.847826087,-78,92,0.0785907859,29,369
element,mixture,3,0.0351758794,7,199,-0.9591836735,-94,98,0.0179028133,7,391
element,nickel,3.782608696,0.1557788945,31,199,-0.8260869565,-76,92,0.0844686649,31,367
elevator,lift,4.72,0.1959798995,39,199,-0.797752809,-71,89,0.1086350975,39,359
emission,gum,1.25,0,0,199,-0.99,-99,100,0,0,398
employee,server,3.318181818,0.0351758794,7,199,-0.9591836735,-94,98,0.0179028133,7,391
endorsement,signature,3.545454545,0.2412060302,48,199,-0.7558139535,-65,86,0.1371428571,48,350
energy,microwave,3.583333333,0.1407035176,28,199,-0.8586956522,-79,92,0.0756756757,28,370
engineering,technology,4.16,0.256281407,51,199,-0.7411764706,-63,85,0.1469740634,51,347
environment,land,3.090909091,0.0653266332,13,199,-0.9175257732,-89,97,0.0337662338,13,385
equipment,recorder,3.391304348,0.1206030151,24,199,-0.8617021277,-81,94,0.064171123,24,374
equipment,seat,2.136363636,0,0,199,-0.99,-99,100,0,0,398
establishment,religion,2.173913043,0,0,199,-0.99,-99,100,0,0,398
event,influence,1.76,0.0100502513,2,199,-0.9898989899,-98,99,0.0050505051,2,396
event,phenomenon,3.173913043,0.1658291457,33,199,-0.8241758242,-75,91,0.0904109589,33,365
evidence,format,1.476190476,0.0251256281,5,199,-0.9595959596,-95,99,0.0127226463,5,393
evidence,record,3.681818182,0.1005025126,20,199,-0.8842105263,-84,95,0.0529100529,20,378
examination,quiz,4.391304348,0.1105527638,22,199,-0.8829787234,-83,94,0.0585106383,22,376
examiner,tea,1.3,0,0,199,-0.99,-99,100,0,0,398
executive,minister,3.095238095,0.4221105528,84,199,-0.5753424658,-42,73,0.2675159236,84,314
executive,organization,3.2,0.135678392,27,199,-0.8494623656,-79,93,0.0727762803,27,371
explanation,theory,3.652173913,0.1708542714,34,199,-0.8131868132,-74,91,0.0934065934,34,364
express,mail,3.619047619,0.2512562814,50,199,-0.7325581395,-63,86,0.1436781609,50,348
extract,selection,3.086956522,0.0201005025,4,199,-0.9696969697,-96,99,0.0101522843,4,394
eye,organ,4.125,0.0753768844,15,199,-0.9166666667,-88,96,0.0391644909,15,383
fabric,lace,3.625,0.4924623116,98,199,-0.5074626866,-34,67,0.3266666667,98,300
fabric,sail,2.380952381,0.0150753769,3,199,-0.9797979798,-97,99,0.0075949367,3,395
faith,religion,4.227272727,0.3115577889,62,199,-0.6707317073,-55,82,0.1845238095,62,336
fantasy,recycling,1.125,0,0,199,-0.99,-99,100,0,0,398
farmer,individual,2.545454545,0.1407035176,28,199,-0.8586956522,-79,92,0.0756756757,28,370
fault,mistake,4.541666667,0.3115577889,62,199,-0.6707317073,-55,82,0.1845238095,62,336
fauna,toy,1.304347826,0.0050251256,1,199,-0.98,-98,100,0.0025188917,1,397
feature,side,1.833333333,0.0100502513,2,199,-0.9898989899,-98,99,0.0050505051,2,396
feedback,flow,2.666666667,0.0150753769,3,199,-0.9797979798,-97,99,0.0075949367,3,395
feeling,hope,3.48,0.2261306533,45,199,-0.7701149425,-67,87,0.1274787535,45,353
female,slave,2.125,0.0904522613,18,199,-0.9052631579,-86,95,0.0473684211,18,380
female,woman,4.96,0.2211055276,44,199,-0.7613636364,-67,88,0.1242937853,44,354
fiction,literature,3.590909091,0.3718592965,74,199,-0.6233766234,-48,77,0.2283950617,74,324
fiction,romance,2.476190476,0.472361809,94,199,-0.5217391304,-36,69,0.3092105263,94,304
field,science,3,0.1959798995,39,199,-0.797752809,-71,89,0.1086350975,39,359
field,yard,3.8,0.1507537688,30,199,-0.8369565217,-77,92,0.0815217391,30,368
fight,separation,2.681818182,0.0201005025,4,199,-0.9696969697,-96,99,0.0101522843,4,394
figure,stamp,1.88,0,0,199,-0.99,-99,100,0,0,398
film,movie,4.912280702,0.3768844221,75,199,-0.6103896104,-47,77,0.2321981424,75,323
find,implementation,2.045454545,0,0,28.2134719593,-0.75,-3,4,0,0,203
find,occurrence,2.739130435,0,0,28.2134719593,-0.75,-3,4,0,0,203
finger,toe,3.76,0.5778894472,115,199,-0.4,-24,60,0.406360424,115,283
flag,iris,1.708333333,0.0050251256,1,199,-0.98,-98,100,0.0025188917,1,397
flame,reaction,1.954545455,0.0050251256,1,199,-0.98,-98,100,0.0025188917,1,397
flash,lightning,3.96,0.3768844221,75,199,-0.6103896104,-47,77,0.2321981424,75,323
flat,housing,3.96,0.1457286432,29,199,-0.847826087,-78,92,0.0785907859,29,369
flavor,variety,3.318181818,0.0653266332,13,199,-0.9175257732,-89,97,0.0337662338,13,385
flight,trip,3.772727273,0.4572864322,91,199,-0.5211267606,-37,71,0.2964169381,91,307
floor,level,3.333333333,0.0150753769,3,199,-0.9797979798,-97,99,0.0075949367,3,395
floor,porch,2.739130435,0.472361809,94,199,-0.5217391304,-36,69,0.3092105263,94,304
flora,plant,4.384615385,0.0502512563,10,199,-0.9484536082,-92,97,0.0257731959,10,388
flora,violet,3.347826087,0,0,199,-0.99,-99,100,0,0,398
flour,garlic,2.4,0.5075376884,101,199,-0.4848484848,-32,66,0.3400673401,101,297
flower,pink,2.739130435,0.2060301508,41,199,-0.7752808989,-69,89,0.1148459384,41,357
flute,wind,2.826086957,0.0351758794,7,199,-0.9591836735,-94,98,0.0179028133,7,391
flyer,justice,1.181818182,0,0,199,-0.99,-99,100,0,0,398
food,sausage,3.913043478,0.3366834171,67,199,-0.65,-52,80,0.2024169184,67,331
foot,recognition,1.431372549,0,0,199,-0.99,-99,100,0,0,398
football,rugby,3.208333333,0.7638190955,152,199,-0.2051282051,-8,39,0.6178861789,152,246
forecast,message,2.5,0.0552763819,11,199,-0.9381443299,-91,97,0.0284237726,11,387
forest,ground,2.681818182,0.0653266332,13,199,-0.9175257732,-89,97,0.0337662338,13,385
form,type,3.909090909,0.5175879397,103,199,-0.4769230769,-31,65,0.3491525424,103,295
format,packaging,2.47826087,0.0703517588,14,199,-0.9270833333,-89,96,0.0364583333,14,384
format,style,4.086956522,0.0653266332,13,199,-0.9175257732,-89,97,0.0337662338,13,385
foundation,support,3.913043478,0.2814070352,56,199,-0.7023809524,-59,84,0.1637426901,56,342
fox,wolf,3.090909091,0.7989949749,159,199,-0.1764705882,-6,34,0.6652719665,159,239
framework,grill,3.428571429,0,0,199,-0.99,-99,100,0,0,398
freeze,frost,4,0.1256281407,25,199,-0.8709677419,-81,93,0.0670241287,25,373
friend,individual,2.791666667,0.0552763819,11,199,-0.9381443299,-91,97,0.0284237726,11,387
front,school,1.48,0.0050251256,1,199,-0.98,-98,100,0.0025188917,1,397
front,surface,3,0.1608040201,32,199,-0.8351648352,-76,91,0.087431694,32,366
fruit,seed,3.818181818,0.3718592965,74,199,-0.6233766234,-48,77,0.2283950617,74,324
fuel,gasoline,4.48,0.4673366834,93,199,-0.5142857143,-36,70,0.3049180328,93,305
fuel,nutrition,2.428571429,0.0251256281,5,199,-0.9595959596,-95,99,0.0127226463,5,393
fund,store,1.826086957,0.0452261307,9,199,-0.9387755102,-92,98,0.0231362468,9,389
funds,interest,3.375,0.1105527638,22,199,-0.8829787234,-83,94,0.0585106383,22,376
furniture,table,4.181818182,0.0753768844,15,199,-0.9166666667,-88,96,0.0391644909,15,383
gamble,kitty,1.636363636,0.0150753769,3,199,-0.9797979798,-97,99,0.0075949367,3,395
gamble,pyramid,1.380952381,0,0,199,-0.99,-99,100,0,0,398
game,tennis,4.166666667,0.2964824121,59,199,-0.686746988,-57,83,0.1740412979,59,339
garbage,rubbish,4.520833333,0.5326633166,106,199,-0.453125,-29,64,0.3630136986,106,292
garden,plantation,3.55,0.2361809045,47,199,-0.7471264368,-65,87,0.1339031339,47,351
garlic,meal,3.083333333,0.2110552764,42,199,-0.7840909091,-69,88,0.1179775281,42,356
garment,sweater,3.7,0.6783919598,135,199,-0.306122449,-15,49,0.5133079848,135,263
garment,tie,3.636363636,0.5376884422,107,199,-0.4603174603,-29,63,0.3676975945,107,291
gas,hydrogen,4.090909091,0.3819095477,76,199,-0.5974025974,-46,77,0.2360248447,76,322
gas,neon,3.869565217,0.3266331658,65,199,-0.6543209877,-53,81,0.1951951952,65,333
gathering,parade,3.625,0.2814070352,56,199,-0.7023809524,-59,84,0.1637426901,56,342
gauge,meter,3.863636364,0.3567839196,71,199,-0.641025641,-50,78,0.2171253823,71,327
gear,mechanism,4.090909091,0.0452261307,9,199,-0.9387755102,-92,98,0.0231362468,9,389
gem,quartz,3.227272727,0.1256281407,25,199,-0.8709677419,-81,93,0.0670241287,25,373
gender,sex,4.434782609,0.3417085427,68,199,-0.6582278481,-52,79,0.2060606061,68,330
gender,size,1.571428571,0.0100502513,2,199,-0.9898989899,-98,99,0.0050505051,2,396
genre,prose,2.363636364,0.3366834171,67,199,-0.65,-52,80,0.2024169184,67,331
glass,tub,2.88,0.1507537688,30,199,-0.8369565217,-77,92,0.0815217391,30,368
glove,wear,3.416666667,0.0603015075,12,199,-0.9278350515,-90,97,0.0310880829,12,386
goal,objective,4.590909091,0.8040201005,160,199,-0.1818181818,-6,33,0.6722689076,160,238
golf,hockey,2.727272727,0.6934673367,138,199,-0.2978723404,-14,47,0.5307692308,138,260
good,sheet,1.458333333,0,0,199,-0.99,-99,100,0,0,398
governor,mayor,3.666666667,0.6030150754,120,199,-0.3859649123,-22,57,0.4316546763,120,278
governor,politician,4.125,0.1105527638,22,199,-0.8829787234,-83,94,0.0585106383,22,376
graphic,image,4.318181818,0.2361809045,47,199,-0.7471264368,-65,87,0.1339031339,47,351
grass,universe,1.76,0.0100502513,2,199,-0.9898989899,-98,99,0.0050505051,2,396
gray,property,1.5,0,0,199,-0.99,-99,100,0,0,398
grip,handle,4.047619048,0.1909547739,38,199,-0.808988764,-72,89,0.1055555556,38,360
grip,hold,4.391304348,0.4924623116,98,199,-0.5074626866,-34,67,0.3266666667,98,300
growth,process,3.291666667,0.0100502513,2,199,-0.9898989899,-98,99,0.0050505051,2,396
guarantee,warranty,4.230769231,0.2713567839,54,199,-0.7261904762,-61,84,0.1569767442,54,344
guess,universe,1.243243243,0.0050251256,1,199,-0.98,-98,100,0.0025188917,1,397
gulf,ocean,3.227272727,0.0804020101,16,199,-0.90625,-87,96,0.0418848168,16,382
hack,machine,2.458333333,0.0653266332,13,199,-0.9175257732,-89,97,0.0337662338,13,385
hamburger,nutrition,3.041666667,0.0100502513,2,199,-0.9898989899,-98,99,0.0050505051,2,396
hand,script,3.260869565,0,0,199,-0.99,-99,100,0,0,398
happening,surprise,2.708333333,0.0100502513,2,199,-0.9898989899,-98,99,0.0050505051,2,396
head,question,1.24,0,0,199,-0.99,-99,100,0,0,398
head,secretary,1.909090909,0.0050251256,1,199,-0.98,-98,100,0.0025188917,1,397
health,welfare,3.5,0.432160804,86,199,-0.5479452055,-40,73,0.2756410256,86,312
hearing,proceedings,3.130434783,0.2964824121,59,199,-0.686746988,-57,83,0.1740412979,59,339
heart,space,1.583333333,0.0201005025,4,199,-0.9696969697,-96,99,0.0101522843,4,394
heart,ticker,3.181818182,0.0050251256,1,199,-0.98,-98,100,0.0025188917,1,397
heat,temperature,4.25,0.1155778894,23,199,-0.8723404255,-82,94,0.0613333333,23,375
height,infinite,2.434782609,0.0100502513,2,199,-0.9898989899,-98,99,0.0050505051,2,396
helmet,scale,1.380952381,0,0,199,-0.99,-99,100,0,0,398
help,support,4.619047619,0.216080402,43,199,-0.7727272727,-68,88,0.1211267606,43,355
help,supporter,3.833333333,0.0050251256,1,199,-0.98,-98,100,0.0025188917,1,397
heritage,loss,1.681818182,0,0,199,-0.99,-99,100,0,0,398
highway,street,3.545454545,0.608040201,121,199,-0.3684210526,-21,57,0.4368231047,121,277
highway,trail,2.863636364,0.7185929648,143,199,-0.2727272727,-12,44,0.5607843137,143,255
hit,tourist,1.44,0,0,199,-0.99,-99,100,0,0,398
hole,opening,3.76,0.3567839196,71,199,-0.641025641,-50,78,0.2171253823,71,327
holiday,vacation,4.619047619,0.5577889447,111,199,-0.4193548387,-26,62,0.3867595819,111,287
hood,protection,2.913043478,0.0150753769,3,199,-0.9797979798,-97,99,0.0075949367,3,395
hood,shelter,2.571428571,0.0904522613,18,199,-0.9052631579,-86,95,0.0473684211,18,380
horn,tail,2.692307692,0.0703517588,14,199,-0.9270833333,-89,96,0.0364583333,14,384
horse,mount,2.875,0.2311557789,46,199,-0.7586206897,-66,87,0.1306818182,46,352
hose,pipe,4,0.351758794,70,199,-0.6329113924,-50,79,0.2134146341,70,328
housing,vault,2,0.0100502513,2,199,-0.9898989899,-98,99,0.0050505051,2,396
icon,representation,3.380952381,0.0251256281,5,199,-0.9595959596,-95,99,0.0127226463,5,393
implement,stick,2.5,0,0,199,-0.99,-99,100,0,0,398
impulse,motive,2.869565217,0.256281407,51,199,-0.7411764706,-63,85,0.1469740634,51,347
impulse,urge,4.5,0.5879396985,117,199,-0.3898305085,-23,59,0.4163701068,117,281
information,target,1.95,0.0050251256,1,199,-0.98,-98,100,0.0025188917,1,397
ink,liquid,3.64,0.2964824121,59,199,-0.686746988,-57,83,0.1740412979,59,339
installation,zoo,1.44,0,0,199,-0.99,-99,100,0,0,398
institution,prison,2.565217391,0.1407035176,28,199,-0.8586956522,-79,92,0.0756756757,28,370
instruction,lesson,3.8,0.2814070352,56,199,-0.7023809524,-59,84,0.1637426901,56,342
instruction,teaching,4.523809524,0.2412060302,48,199,-0.7558139535,-65,86,0.1371428571,48,350
instrumentation,perfume,1.208333333,0,0,199,-0.99,-99,100,0,0,398
instrumentation,rod,2.863636364,0.0301507538,6,199,-0.9693877551,-95,98,0.0153061224,6,392
intensity,quiet,2.181818182,0.0603015075,12,199,-0.9278350515,-90,97,0.0310880829,12,386
interest,lien,2.541666667,0.0301507538,6,199,-0.9693877551,-95,98,0.0153061224,6,392
intervention,treatment,2.363636364,0.1557788945,31,199,-0.8260869565,-76,92,0.0844686649,31,367
inventory,listing,3.380952381,0.216080402,43,199,-0.7727272727,-68,88,0.1211267606,43,355
investment,tomato,1.155555556,0,0,199,-0.99,-99,100,0,0,398
jail,nick,1.782608696,0,0,199,-0.99,-99,100,0,0,398
jail,prison,4.739130435,0.648241206,129,199,-0.3461538462,-18,52,0.4795539033,129,269
jaw,lens,1.260869565,0.0603015075,12,199,-0.9278350515,-90,97,0.0310880829,12,386
join,union,4,0.0050251256,1,199,-0.98,-98,100,0.0025188917,1,397
joke,message,2.636363636,0.0452261307,9,199,-0.9387755102,-92,98,0.0231362468,9,389
journey,travel,4.8,0.3015075377,60,199,-0.6951219512,-57,82,0.1775147929,60,338
judgment,sense,3.541666667,0.1256281407,25,199,-0.8709677419,-81,93,0.0670241287,25,373
jumper,sweater,3.347826087,0.8341708543,166,199,-0.1379310345,-4,29,0.7155172414,166,232
jury,school,1.476190476,0,0,199,-0.99,-99,100,0,0,398
justice,official,3.043478261,0.0351758794,7,199,-0.9591836735,-94,98,0.0179028133,7,391
kiss,sweet,3,0.0201005025,4,199,-0.9696969697,-96,99,0.0101522843,4,394
kitchen,toilet,2.545454545,0.3115577889,62,199,-0.6707317073,-55,82,0.1845238095,62,336
knight,prince,3.375,0.3567839196,71,199,-0.641025641,-50,78,0.2171253823,71,327
knowledge,revolution,2.2,0,0,199,-0.99,-99,100,0,0,398
knowledge,taste,1.869565217,0.1557788945,31,199,-0.8260869565,-76,92,0.0844686649,31,367
lake,stream,4.130434783,0.527638191,105,199,-0.46875,-30,64,0.3583617747,105,293
lamb,young,3.285714286,0,0,199,-0.99,-99,100,0,0,398
language,tongue,3.652173913,0.1005025126,20,199,-0.8842105263,-84,95,0.0529100529,20,378
latex,rubber,3.913043478,0.4221105528,84,199,-0.5753424658,-42,73,0.2675159236,84,314
law,personnel,1.772727273,0,0,199,-0.99,-99,100,0,0,398
layer,region,2.458333333,0.0703517588,14,199,-0.9270833333,-89,96,0.0364583333,14,384
layer,snow,2.434782609,0.0201005025,4,199,-0.9696969697,-96,99,0.0101522843,4,394
leader,politician,4.238095238,0.5577889447,111,199,-0.4193548387,-26,62,0.3867595819,111,287
lesson,teaching,4.136363636,0.2512562814,50,199,-0.7325581395,-63,86,0.1436781609,50,348
letter,text,3.84,0.1457286432,29,199,-0.847826087,-78,92,0.0785907859,29,369
level,stage,4,0.4673366834,93,199,-0.5142857143,-36,70,0.3049180328,93,305
license,permission,4.19047619,0.4170854271,83,199,-0.5675675676,-42,74,0.2634920635,83,315
license,security,3.130434783,0.0502512563,10,199,-0.9484536082,-92,97,0.0257731959,10,388
lien,share,2.136363636,0.0150753769,3,199,-0.9797979798,-97,99,0.0075949367,3,395
life,story,3,0.0502512563,10,199,-0.9484536082,-92,97,0.0257731959,10,388
line,occupation,2.260869565,0.0201005025,4,199,-0.9696969697,-96,99,0.0101522843,4,394
line,plane,2.833333333,0.3015075377,60,199,-0.6951219512,-57,82,0.1775147929,60,338
line,queue,4.541666667,0.0201005025,4,199,-0.9696969697,-96,99,0.0101522843,4,394
lineup,roll,2.958333333,0.0351758794,7,199,-0.9591836735,-94,98,0.0179028133,7,391
link,union,3.583333333,0.2010050251,40,199,-0.7865168539,-70,89,0.1117318436,40,358
lion,tiger,3.565217391,0.8994974874,179,199,-0.0526315789,-1,19,0.8173515982,179,219
literature,poem,3.76,0.1859296482,37,199,-0.8,-72,90,0.1024930748,37,361
load,weight,4.043478261,0.2060301508,41,199,-0.7752808989,-69,89,0.1148459384,41,357
location,property,3.347826087,0,0,199,-0.99,-99,100,0,0,398
loss,possession,2.954545455,0.0251256281,5,199,-0.9595959596,-95,99,0.0127226463,5,393
low,shoulder,1.387755102,0.0201005025,4,199,-0.9696969697,-96,99,0.0101522843,4,394
lyric,printer,1.244444444,0,0,199,-0.99,-99,100,0,0,398
magnolia,maple,2.68,0.6984924623,139,199,-0.2765957447,-13,47,0.5366795367,139,259
male,man,4.619047619,0.1105527638,22,199,-0.8829787234,-83,94,0.0585106383,22,376
man,soldier,3.875,0.2713567839,54,199,-0.7261904762,-61,84,0.1569767442,54,344
manager,trainer,3.347826087,0.6331658291,126,199,-0.3518518519,-19,54,0.4632352941,126,272
map,representation,3.434782609,0.1507537688,30,199,-0.8369565217,-77,92,0.0815217391,30,368
map,sewing,1.347826087,0.0100502513,2,199,-0.9898989899,-98,99,0.0050505051,2,396
map,video,1.695652174,0.1105527638,22,199,-0.8829787234,-83,94,0.0585106383,22,376
maple,tree,3.833333333,0.4924623116,98,199,-0.5074626866,-34,67,0.3266666667,98,300
mark,print,2.954545455,0.0452261307,9,199,-0.9387755102,-92,98,0.0231362468,9,389
mark,slash,3.304347826,0.1306532663,26,199,-0.8602150538,-80,93,0.0698924731,26,372
mask,roof,1.782608696,0.0251256281,5,199,-0.9595959596,-95,99,0.0127226463,5,393
mate,relation,3.434782609,0,0,199,-0.99,-99,100,0,0,398
matter,text,3.269230769,0,0,199,-0.99,-99,100,0,0,398
matter,verse,1.913043478,0,0,199,-0.99,-99,100,0,0,398
mayor,water,1.113636364,0,0,199,-0.99,-99,100,0,0,398
meal,mixture,2.272727273,0.1206030151,24,199,-0.8617021277,-81,94,0.064171123,24,374
meal,rice,4,0.4472361809,89,199,-0.5492957746,-39,71,0.28802589,89,309
measure,money,2.565217391,0.0050251256,1,199,-0.98,-98,100,0.0025188917,1,397
measure,twist,1.590909091,0.0050251256,1,199,-0.98,-98,100,0.0025188917,1,397
meat,solid,2.5,0.0050251256,1,199,-0.98,-98,100,0.0025188917,1,397
melody,music,4.5,0.4773869347,95,199,-0.5072463768,-35,69,0.3135313531,95,303
memory,operation,2.043478261,0.040201005,8,199,-0.9489795918,-93,98,0.0205128205,8,390
metal,zinc,3.956521739,0.4422110553,88,199,-0.5416666667,-39,72,0.2838709677,88,310
meter,radar,2.954545455,0.0804020101,16,199,-0.90625,-87,96,0.0418848168,16,382
microwave,radiation,3.454545455,0.2261306533,45,199,-0.7701149425,-67,87,0.1274787535,45,353
middle,scene,1.4,0.0100502513,2,199,-0.9898989899,-98,99,0.0050505051,2,396
minute,quantity,2.608695652,0.1005025126,20,199,-0.8842105263,-84,95,0.0529100529,20,378
mode,scale,2.173913043,0,0,199,-0.99,-99,100,0,0,398
modification,surprise,1.714285714,0.0050251256,1,199,-0.98,-98,100,0.0025188917,1,397
moment,thief,1.242424242,0,0,199,-0.99,-99,100,0,0,398
mortal,mother,2.25,0.1155778894,23,199,-0.8723404255,-82,94,0.0613333333,23,375
mortal,visitor,1.923076923,0.1909547739,38,199,-0.808988764,-72,89,0.1055555556,38,360
motion,snowboarding,2.363636364,0.0050251256,1,199,-0.98,-98,100,0.0025188917,1,397
motion,step,3.142857143,0.0603015075,12,199,-0.9278350515,-90,97,0.0310880829,12,386
motive,reason,3.909090909,0.5879396985,117,199,-0.3898305085,-23,59,0.4163701068,117,281
motorcycle,tank,2.043478261,0.0804020101,16,199,-0.90625,-87,96,0.0418848168,16,382
mount,volcano,3.238095238,0.0854271357,17,199,-0.8958333333,-86,96,0.0446194226,17,381
mouth,opening,3.304347826,0.1407035176,28,199,-0.8586956522,-79,92,0.0756756757,28,370
mouth,trap,2.333333333,0.0201005025,4,199,-0.9696969697,-96,99,0.0101522843,4,394
murphy,potato,1.173913043,0,0,199,-0.99,-99,100,0,0,398
museum,store,2.695652174,0.351758794,70,199,-0.6329113924,-50,79,0.2134146341,70,328
music,print,1.958333333,0.0603015075,12,199,-0.9278350515,-90,97,0.0310880829,12,386
musician,performer,3.952380952,0.7035175879,140,199,-0.2826086957,-13,46,0.5426356589,140,258
needle,sharp,3.954545455,0,0,199,-0.99,-99,100,0,0,398
noise,trouble,3.15,0.0552763819,11,199,-0.9381443299,-91,97,0.0284237726,11,387
note,obligation,2.166666667,0.0301507538,6,199,-0.9693877551,-95,98,0.0153061224,6,392
notebook,product,2.217391304,0.0050251256,1,199,-0.98,-98,100,0.0025188917,1,397
notebook,production,1.666666667,0,0,199,-0.99,-99,100,0,0,398
novel,story,4.363636364,0.3567839196,71,199,-0.641025641,-50,78,0.2171253823,71,327
oak,tree,4.576923077,0.5326633166,106,199,-0.453125,-29,64,0.3630136986,106,292
objective,target,4.086956522,0.0502512563,10,199,-0.9484536082,-92,97,0.0257731959,10,388
occasion,second,1.75,0.0050251256,1,199,-0.98,-98,100,0.0025188917,1,397
occupation,place,1.956521739,0.0150753769,3,199,-0.9797979798,-97,99,0.0075949367,3,395
occurrence,tsunami,2.47826087,0.0201005025,4,199,-0.9696969697,-96,99,0.0101522843,4,394
ocean,pond,3.545454545,0.4673366834,93,199,-0.5142857143,-36,70,0.3049180328,93,305
office,outlet,2.142857143,0,0,199,-0.99,-99,100,0,0,398
office,situation,1.24,0.0150753769,3,199,-0.9797979798,-97,99,0.0075949367,3,395
onion,topic,1.183673469,0,0,199,-0.99,-99,100,0,0,398
operation,processing,3.409090909,0.1708542714,34,199,-0.8131868132,-74,91,0.0934065934,34,364
operative,spy,2.739130435,0.1457286432,29,199,-0.847826087,-78,92,0.0785907859,29,369
opinion,papers,1.72,0,0,199,-0.99,-99,100,0,0,398
opinion,sentiment,3.136363636,0.1708542714,34,199,-0.8131868132,-74,91,0.0934065934,34,364
origin,root,4.333333333,0.0351758794,7,199,-0.9591836735,-94,98,0.0179028133,7,391
outlet,shop,3.565217391,0.0150753769,3,199,-0.9797979798,-97,99,0.0075949367,3,395
oxygen,substance,2.565217391,0.1959798995,39,199,-0.797752809,-71,89,0.1086350975,39,359
package,software,3.4,0.4673366834,93,199,-0.5142857143,-36,70,0.3049180328,93,305
padding,tower,1.863636364,0,0,199,-0.99,-99,100,0,0,398
painting,picture,4.186046512,0.2763819095,55,199,-0.7142857143,-60,84,0.1603498542,55,343
papers,security,2.4,0,0,199,-0.99,-99,100,0,0,398
papers,ticket,3.181818182,0.0100502513,2,199,-0.9898989899,-98,99,0.0050505051,2,396
parcel,region,2,0.0201005025,4,199,-0.9696969697,-96,99,0.0101522843,4,394
park,stadium,3.333333333,0.3618090452,72,199,-0.6282051282,-49,78,0.2208588957,72,326
passage,quotation,3.666666667,0.2713567839,54,199,-0.7261904762,-61,84,0.1569767442,54,344
patch,spot,3.181818182,0.0904522613,18,199,-0.9052631579,-86,95,0.0473684211,18,380
payment,spending,3.708333333,0.2110552764,42,199,-0.7840909091,-69,88,0.1179775281,42,356
permission,tolerance,2.04,0.0150753769,3,199,-0.9797979798,-97,99,0.0075949367,3,395
person,technician,3.458333333,0.2110552764,42,199,-0.7840909091,-69,88,0.1179775281,42,356
phantom,shadow,3.227272727,0.1608040201,32,199,-0.8351648352,-76,91,0.087431694,32,366
piazza,square,2.2,0.4020100503,80,199,-0.5866666667,-44,75,0.251572327,80,318
piece,sail,1.333333333,0,0,199,-0.99,-99,100,0,0,398
pinnacle,tower,3.083333333,0.3768844221,75,199,-0.6103896104,-47,77,0.2321981424,75,323
place,position,4.230769231,0.1407035176,28,199,-0.8586956522,-79,92,0.0756756757,28,370
plane,sheet,2.130434783,0.0251256281,5,199,-0.9595959596,-95,99,0.0127226463,5,393
plane,tool,2.304347826,0.0050251256,1,199,-0.98,-98,100,0.0025188917,1,397
play,turn,2.681818182,0,0,199,-0.99,-99,100,0,0,398
plot,strategy,2.9,0.0854271357,17,199,-0.8958333333,-86,96,0.0446194226,17,381
point,second,1.826086957,0.0452261307,9,199,-0.9387755102,-92,98,0.0231362468,9,389
point,site,2.96,0.351758794,70,199,-0.6329113924,-50,79,0.2134146341,70,328
point,spot,4.2,0.0502512563,10,199,-0.9484536082,-92,97,0.0257731959,10,388
polyester,textile,4.285714286,0.3366834171,67,199,-0.65,-52,80,0.2024169184,67,331
position,view,3,0.1306532663,26,199,-0.8602150538,-80,93,0.0698924731,26,372
postage,rate,3.086956522,0.0703517588,14,199,-0.9270833333,-89,96,0.0364583333,14,384
postage,signal,1.48,0.0050251256,1,199,-0.98,-98,100,0.0025188917,1,397
power,skill,3.16,0.0854271357,17,199,-0.8958333333,-86,96,0.0446194226,17,381
prayer,request,3.36,0.0603015075,12,199,-0.9278350515,-90,97,0.0310880829,12,386
problem,trouble,4.608695652,0.1959798995,39,199,-0.797752809,-71,89,0.1086350975,39,359
process,rule,2.5,0.0753768844,15,199,-0.9166666667,-88,96,0.0391644909,15,383
process,tail,1.12,0,0,199,-0.99,-99,100,0,0,398
product,wear,2.041666667,0,0,199,-0.99,-99,100,0,0,398
property,texture,2,0,0,199,-0.99,-99,100,0,0,398
protection,roof,3.708333333,0.0753768844,15,199,-0.9166666667,-88,96,0.0391644909,15,383
protocol,rule,4.090909091,0.1206030151,24,199,-0.8617021277,-81,94,0.064171123,24,374
publication,textbook,3.428571429,0.1256281407,25,199,-0.8709677419,-81,93,0.0670241287,25,373
pumpkin,vine,2.409090909,0.1507537688,30,199,-0.8369565217,-77,92,0.0815217391,30,368
pupil,student,4.523809524,0.3165829146,63,199,-0.6790123457,-55,81,0.1880597015,63,335
pyramid,speculation,1.7,0,0,199,-0.99,-99,100,0,0,398
query,question,4.739130435,0.0904522613,18,199,-0.9052631579,-86,95,0.0473684211,18,380
quiet,silence,4.909090909,0.4170854271,83,199,-0.5675675676,-42,74,0.2634920635,83,315
racer,taxi,2.19047619,0.175879397,35,199,-0.8222222222,-74,90,0.0964187328,35,363
radio,receiver,3.807692308,0.2864321608,57,199,-0.7108433735,-59,83,0.1671554252,57,341
rain,storm,3.958333333,0.4522613065,90,199,-0.5352112676,-38,71,0.2922077922,90,308
ray,shark,2.545454545,0,0,199,-0.99,-99,100,0,0,398
recreation,skiing,3.090909091,0.2914572864,58,199,-0.6987951807,-58,83,0.1705882353,58,340
red,wine,3.4,0.0050251256,1,199,-0.98,-98,100,0.0025188917,1,397
report,study,3.875,0.0653266332,13,199,-0.9175257732,-89,97,0.0337662338,13,385
representative,voice,2.875,0,0,199,-0.99,-99,100,0,0,398
ring,water,1.333333333,0.0100502513,2,199,-0.9898989899,-98,99,0.0050505051,2,396
rise,travel,1.608695652,0.0100502513,2,199,-0.9898989899,-98,99,0.0050505051,2,396
rock,stone,4.476190476,0.3819095477,76,199,-0.5974025974,-46,77,0.2360248447,76,322
roll,toast,2.826086957,0.1809045226,36,199,-0.8111111111,-73,90,0.0994475138,36,362
root,stem,3.666666667,0.4020100503,80,199,-0.5866666667,-44,75,0.251572327,80,318
rub,wipe,4.227272727,0.216080402,43,199,-0.7727272727,-68,88,0.1211267606,43,355
rubber,stuff,2.1,0.1206030151,24,199,-0.8617021277,-81,94,0.064171123,24,374
rugby,soccer,3.260869565,0.7889447236,157,199,-0.2,-7,35,0.6514522822,157,241
sail,sheet,2.083333333,0.0301507538,6,199,-0.9693877551,-95,98,0.0153061224,6,392
scandal,week,1.086956522,0,0,199,-0.99,-99,100,0,0,398
science,shelter,1.136363636,0,0,199,-0.99,-99,100,0,0,398
score,success,3.208333333,0.0201005025,4,199,-0.9696969697,-96,99,0.0101522843,4,394
season,summer,4.045454545,0.4120603015,82,199,-0.5810810811,-43,74,0.2594936709,82,316
season,winter,4.347826087,0.3969849246,79,199,-0.6,-45,75,0.2476489028,79,319
second,time,4.217391304,0.1206030151,24,199,-0.8617021277,-81,94,0.064171123,24,374
seminar,sweet,1.202898551,0,0,199,-0.99,-99,100,0,0,398
sex,stance,1.476190476,0.0100502513,2,199,-0.9898989899,-98,99,0.0050505051,2,396
share,stake,3.208333333,0.0603015075,12,199,-0.9278350515,-90,97,0.0310880829,12,386
shelter,tent,4.25,0.2864321608,57,199,-0.7108433735,-59,83,0.1671554252,57,341
shelter,wind,2.641791045,0.0100502513,2,199,-0.9898989899,-98,99,0.0050505051,2,396
shirt,tiger,1.038461538,0,0,199,-0.99,-99,100,0,0,398
side,slope,3.08,0.2713567839,54,199,-0.7261904762,-61,84,0.1569767442,54,344
sight,vision,4.818181818,0.2261306533,45,199,-0.7701149425,-67,87,0.1274787535,45,353
simulation,theory,2.227272727,0.2311557789,46,199,-0.7586206897,-66,87,0.1306818182,46,352
skull,tooth,2.590909091,0.3718592965,74,199,-0.6233766234,-48,77,0.2283950617,74,324
slash,stroke,3.25,0.1055276382,21,199,-0.8936170213,-84,94,0.0557029178,21,377
smash,success,2.791666667,0.0050251256,1,199,-0.98,-98,100,0.0025188917,1,397
snap,touch,2.038461538,0.1105527638,22,199,-0.8829787234,-83,94,0.0585106383,22,376
software,writing,2.347826087,0.040201005,8,199,-0.9489795918,-93,98,0.0205128205,8,390
song,vocal,3.857142857,0.2110552764,42,199,-0.7840909091,-69,88,0.1179775281,42,356
soup,spaghetti,3,0.6582914573,131,199,-0.3333333333,-17,51,0.4906367041,131,267
soup,sweet,2.454545455,0.2060301508,41,199,-0.7752808989,-69,89,0.1148459384,41,357
speech,word,4.045454545,0.2512562814,50,199,-0.7325581395,-63,86,0.1436781609,50,348
steel,weapon,3.380952381,0.0050251256,1,199,-0.98,-98,100,0.0025188917,1,397
step,travel,2.086956522,0.0201005025,4,199,-0.9696969697,-96,99,0.0101522843,4,394
step,walk,4.173913043,0.0552763819,11,199,-0.9381443299,-91,97,0.0284237726,11,387
storm,weather,4.083333333,0.3768844221,75,199,-0.6103896104,-47,77,0.2321981424,75,323
straight,stretch,3.291666667,0.0100502513,2,199,-0.9898989899,-98,99,0.0050505051,2,396
sun,toy,1.25,0,0,199,-0.99,-99,100,0,0,398
tank,tub,3.52173913,0.391959799,78,199,-0.5921052632,-45,76,0.24375,78,320
taxpayer,window,1.21875,0,0,199,-0.99,-99,100,0,0,398
throne,toilet,1.956521739,0.0351758794,7,199,-0.9591836735,-94,98,0.0179028133,7,391
ticket,writing,2.375,0.0100502513,2,199,-0.9898989899,-98,99,0.0050505051,2,396
victory,watch,1.553191489,0.0050251256,1,199,-0.98,-98,100,0.0025188917,1,397
washer,worker,2.909090909,0,0,199,-0.99,-99,100,0,0,398
wife,woman,3.884615385,0.3969849246,79,199,-0.6,-45,75,0.2476489028,79,319
workplace,workshop,4.04,0.135678391959799],27,199,-0.8494623656,-79,93,0.0727762803,27,371
